{
  "config": {
    "variants": [
      "baseline"
    ],
    "seeds": [
      1337
    ],
    "steps": 500,
    "eval_interval": 100,
    "eval_iters": 20,
    "batch_size": 12,
    "block_size": 128,
    "n_layer": 6,
    "n_head": 8,
    "n_embd": 192,
    "dropout": 0.0,
    "lr": 0.002,
    "weight_decay": 0.01,
    "grad_clip": 1.0,
    "horn_m_init": 0.5,
    "horn_eta_init": 1.0,
    "device": "cuda",
    "dataset": "fineweb",
    "dataset_source": "cache:/workspace/data/fineweb_sample.txt",
    "data_path": "/workspace/data/fineweb_sample.txt",
    "is_chat_like_dataset": false,
    "fineweb_target_chars": 8000000,
    "fineweb_max_docs": 40000
  },
  "summary": {
    "baseline": {
      "n_runs": 1,
      "final_val_loss_mean": 2.4458189368247987,
      "final_val_loss_std": 0.0,
      "best_val_loss_mean": 2.4458189368247987,
      "best_val_loss_std": 0.0,
      "wall_seconds_mean": 17.093225479125977,
      "delta_final_vs_baseline": 0.0,
      "delta_best_vs_baseline": 0.0
    }
  },
  "runs": [
    {
      "variant": "baseline",
      "seed": 1337,
      "train_losses": [
        6.415038537979126,
        2.6547285676002503,
        2.6348498702049254,
        2.5563075661659242,
        2.5192169547080994,
        2.39041953086853
      ],
      "val_steps": [
        0,
        100,
        200,
        300,
        400,
        500
      ],
      "val_losses": [
        6.414334511756897,
        2.684842073917389,
        2.632501220703125,
        2.6171578764915466,
        2.5171213388442992,
        2.4458189368247987
      ],
      "horn_m_mean": [],
      "horn_eta_mean": [],
      "horn_v_rms": [],
      "final_val_loss": 2.4458189368247987,
      "best_val_loss": 2.4458189368247987,
      "wall_seconds": 17.093225479125977,
      "tokens_seen": 768000
    }
  ]
}