{
  "rows": [
    {
      "block_size": 512,
      "delta_600": -0.005145847797393799,
      "delta_1200": 0.03500006596247385,
      "horn_final_600": 2.6030023813247682,
      "horn_final_1200": 2.3771363615989687,
      "baseline_final_600": 2.608148229122162,
      "baseline_final_1200": 2.342136295636495,
      "delta_shift_1200_minus_600": 0.040145913759867646
    },
    {
      "block_size": 2048,
      "delta_600": 0.0003794431686401367,
      "delta_1200": -0.0015373269716896232,
      "horn_final_600": 2.6091185371081034,
      "horn_final_1200": 2.6029355049133303,
      "baseline_final_600": 2.6087390939394632,
      "baseline_final_1200": 2.60447283188502,
      "delta_shift_1200_minus_600": -0.00191677014032976
    }
  ]
}