{
  "config": {
    "variants": [
      "baseline"
    ],
    "seeds": [
      1337,
      2027,
      3141
    ],
    "steps": 600,
    "eval_interval": 100,
    "eval_iters": 30,
    "batch_size": 32,
    "block_size": 128,
    "n_layer": 4,
    "n_head": 4,
    "n_embd": 128,
    "dropout": 0.0,
    "lr": 0.002,
    "weight_decay": 0.01,
    "grad_clip": 1.0,
    "horn_m_init": 0.0,
    "horn_eta_init": 1.0,
    "device": "cuda",
    "dataset_source": "data/tinyshakespeare.txt",
    "is_chat_like_dataset": true
  },
  "summary": {
    "baseline": {
      "n_runs": 3,
      "final_val_loss_mean": 1.1485221703847248,
      "final_val_loss_std": 0.00956451201855824,
      "best_val_loss_mean": 1.1485221703847248,
      "best_val_loss_std": 0.00956451201855824,
      "wall_seconds_mean": 24.610653479894,
      "delta_final_vs_baseline": 0.0,
      "delta_best_vs_baseline": 0.0
    }
  },
  "runs": [
    {
      "variant": "baseline",
      "seed": 1337,
      "train_losses": [
        4.245027383168538,
        1.5681942184766133,
        1.423509919643402,
        1.324786659081777,
        1.23403058052063,
        1.1885376731554667,
        1.1291650454203288
      ],
      "val_steps": [
        0,
        100,
        200,
        300,
        400,
        500,
        600
      ],
      "val_losses": [
        4.243994808197021,
        1.518955115477244,
        1.3659132719039917,
        1.268225653966268,
        1.2253339091936748,
        1.1664116223653158,
        1.1374922037124633
      ],
      "horn_m_mean": [],
      "horn_eta_mean": [],
      "horn_v_rms": [],
      "final_val_loss": 1.1374922037124633,
      "best_val_loss": 1.1374922037124633,
      "wall_seconds": 27.74501132965088,
      "tokens_seen": 2457600
    },
    {
      "variant": "baseline",
      "seed": 2027,
      "train_losses": [
        4.2419485727945965,
        1.557488210995992,
        1.407329301039378,
        1.3377065300941466,
        1.2330583771069845,
        1.1653239925702412,
        1.1225670496622722
      ],
      "val_steps": [
        0,
        100,
        200,
        300,
        400,
        500,
        600
      ],
      "val_losses": [
        4.243405040105184,
        1.5096527377764384,
        1.3579966704050699,
        1.2917980114618937,
        1.2248096267382305,
        1.1755494395891826,
        1.1472566882769266
      ],
      "horn_m_mean": [],
      "horn_eta_mean": [],
      "horn_v_rms": [],
      "final_val_loss": 1.1472566882769266,
      "best_val_loss": 1.1472566882769266,
      "wall_seconds": 19.466696739196777,
      "tokens_seen": 2457600
    },
    {
      "variant": "baseline",
      "seed": 3141,
      "train_losses": [
        4.258813810348511,
        1.5854684670766195,
        1.4118449767430623,
        1.324908983707428,
        1.2601296305656433,
        1.1939131100972493,
        1.1336203694343567
      ],
      "val_steps": [
        0,
        100,
        200,
        300,
        400,
        500,
        600
      ],
      "val_losses": [
        4.25775883992513,
        1.5328127543131511,
        1.3569459716478984,
        1.28491952419281,
        1.237095053990682,
        1.1997109572092692,
        1.1608176191647848
      ],
      "horn_m_mean": [],
      "horn_eta_mean": [],
      "horn_v_rms": [],
      "final_val_loss": 1.1608176191647848,
      "best_val_loss": 1.1608176191647848,
      "wall_seconds": 26.62025237083435,
      "tokens_seen": 2457600
    }
  ]
}