{
  "config": {
    "variants": [
      "baseline",
      "horn",
      "horn_no_momentum"
    ],
    "seeds": [
      1337,
      2027
    ],
    "steps": 20,
    "eval_interval": 10,
    "eval_iters": 4,
    "batch_size": 8,
    "block_size": 128,
    "n_layer": 2,
    "n_head": 2,
    "n_embd": 64,
    "dropout": 0.0,
    "lr": 0.002,
    "weight_decay": 0.01,
    "grad_clip": 1.0,
    "horn_m_init": 0.0,
    "horn_eta_init": 1.0,
    "device": "mps",
    "dataset_source": "data/tinyshakespeare.txt",
    "is_chat_like_dataset": true
  },
  "summary": {
    "baseline": {
      "n_runs": 2,
      "final_val_loss_mean": 2.7288728654384613,
      "final_val_loss_std": 0.005660444498062134,
      "best_val_loss_mean": 2.7288728654384613,
      "best_val_loss_std": 0.005660444498062134,
      "wall_seconds_mean": 0.5786510705947876,
      "delta_final_vs_baseline": 0.0,
      "delta_best_vs_baseline": 0.0
    },
    "horn": {
      "n_runs": 2,
      "final_val_loss_mean": 2.7289243936538696,
      "final_val_loss_std": 0.005655109882354736,
      "best_val_loss_mean": 2.7289243936538696,
      "best_val_loss_std": 0.005655109882354736,
      "wall_seconds_mean": 0.46241700649261475,
      "delta_final_vs_baseline": 5.1528215408325195e-05,
      "delta_best_vs_baseline": 5.1528215408325195e-05,
      "relative_improvement_final_pct": -0.001888260023430806
    },
    "horn_no_momentum": {
      "n_runs": 2,
      "final_val_loss_mean": 2.72892165184021,
      "final_val_loss_std": 0.005652189254760742,
      "best_val_loss_mean": 2.72892165184021,
      "best_val_loss_std": 0.005652189254760742,
      "wall_seconds_mean": 0.34973299503326416,
      "delta_final_vs_baseline": 4.8786401748657227e-05,
      "delta_best_vs_baseline": 4.8786401748657227e-05,
      "relative_improvement_final_pct": -0.0017877858058740481
    }
  },
  "runs": [
    {
      "variant": "baseline",
      "seed": 1337,
      "train_losses": [
        4.225954294204712,
        3.2048792243003845,
        2.742063283920288
      ],
      "val_steps": [
        0,
        10,
        20
      ],
      "val_losses": [
        4.236269116401672,
        3.187760591506958,
        2.7345333099365234
      ],
      "horn_m_mean": [],
      "horn_eta_mean": [],
      "horn_v_rms": [],
      "final_val_loss": 2.7345333099365234,
      "best_val_loss": 2.7345333099365234,
      "wall_seconds": 0.9486880302429199,
      "tokens_seen": 20480
    },
    {
      "variant": "baseline",
      "seed": 2027,
      "train_losses": [
        4.2320356369018555,
        3.1978524327278137,
        2.7371878623962402
      ],
      "val_steps": [
        0,
        10,
        20
      ],
      "val_losses": [
        4.22776460647583,
        3.1640191078186035,
        2.723212420940399
      ],
      "horn_m_mean": [],
      "horn_eta_mean": [],
      "horn_v_rms": [],
      "final_val_loss": 2.723212420940399,
      "best_val_loss": 2.723212420940399,
      "wall_seconds": 0.20861411094665527,
      "tokens_seen": 20480
    },
    {
      "variant": "horn",
      "seed": 1337,
      "train_losses": [
        4.225954174995422,
        3.204877197742462,
        2.7420883774757385
      ],
      "val_steps": [
        0,
        10,
        20
      ],
      "val_losses": [
        4.236268877983093,
        3.187749743461609,
        2.7345795035362244
      ],
      "horn_m_mean": [
        9.99999883788405e-06,
        1.0002875569625758e-05,
        1.0005535386881093e-05,
        1.0008379376813537e-05,
        1.0011436188506195e-05,
        1.0014505278377328e-05,
        1.0017618933488848e-05,
        1.0020665285992436e-05,
        1.002368389890762e-05,
        1.0026667951024137e-05,
        1.0029658824350918e-05,
        1.0032614227384329e-05,
        1.0035601462732302e-05,
        1.0038520485977642e-05,
        1.0041442692454439e-05,
        1.004440809992957e-05,
        1.0047304840554716e-05,
        1.0050091532320948e-05,
        1.005290368993883e-05,
        1.0055859547719592e-05
      ],
      "horn_eta_mean": [
        0.9999998807907104,
        0.9999937415122986,
        1.000101387500763,
        1.0002669095993042,
        1.0004647374153137,
        1.0006772875785828,
        1.0008882880210876,
        1.0010722875595093,
        1.001242756843567,
        1.0013976097106934,
        1.0015439987182617,
        1.001668930053711,
        1.001801311969757,
        1.0019269585609436,
        1.0020635724067688,
        1.0021847486495972,
        1.0022756457328796,
        1.0023135542869568,
        1.0023349523544312,
        1.0023670196533203
      ],
      "horn_v_rms": [
        0.02677167020738125,
        0.03913545049726963,
        0.06549767032265663,
        0.08622119575738907,
        0.09428107365965843,
        0.09920606389641762,
        0.1093599982559681,
        0.11979387700557709,
        0.12829459086060524,
        0.13356634229421616,
        0.14361095800995827,
        0.14649292454123497,
        0.148019190877676,
        0.15106669813394547,
        0.15220274776220322,
        0.15368015319108963,
        0.15175079181790352,
        0.16057319939136505,
        0.1620754860341549,
        0.16169248521327972
      ],
      "final_val_loss": 2.7345795035362244,
      "best_val_loss": 2.7345795035362244,
      "wall_seconds": 0.5892229080200195,
      "tokens_seen": 20480
    },
    {
      "variant": "horn",
      "seed": 2027,
      "train_losses": [
        4.232035756111145,
        3.197848618030548,
        2.7372738122940063
      ],
      "val_steps": [
        0,
        10,
        20
      ],
      "val_losses": [
        4.2277644872665405,
        3.1640474796295166,
        2.723269283771515
      ],
      "horn_m_mean": [
        9.99999883788405e-06,
        1.0002344879467273e-05,
        1.0004618161474355e-05,
        1.0007287983171409e-05,
        1.001027430902468e-05,
        1.00134388958395e-05,
        1.0016599844675511e-05,
        1.001963119051652e-05,
        1.002250928650028e-05,
        1.0025291885540355e-05,
        1.0028086308011552e-05,
        1.0030883004219504e-05,
        1.0033514172391733e-05,
        1.0036321782536106e-05,
        1.0039276730822166e-05,
        1.0042174380942015e-05,
        1.0045165709016146e-05,
        1.0048203421320068e-05,
        1.005105650619953e-05,
        1.0053963251266396e-05
      ],
      "horn_eta_mean": [
        0.9999998807907104,
        1.0000923871994019,
        1.0002489984035492,
        1.0004439949989319,
        1.000611424446106,
        1.0008030533790588,
        1.0010040998458862,
        1.0011543035507202,
        1.001271665096283,
        1.0013657212257385,
        1.0014663338661194,
        1.0015586018562317,
        1.001608669757843,
        1.0016728639602661,
        1.001725196838379,
        1.001775860786438,
        1.0018379092216492,
        1.0018960237503052,
        1.0019277334213257,
        1.0019641518592834
      ],
      "horn_v_rms": [
        0.02771773934364319,
        0.04485979489982128,
        0.07135841622948647,
        0.09068858250975609,
        0.10107855871319771,
        0.10213607549667358,
        0.09946286678314209,
        0.10868475213646889,
        0.12220845744013786,
        0.13608971238136292,
        0.1397063061594963,
        0.1408536247909069,
        0.15685492381453514,
        0.15673702582716942,
        0.16227635368704796,
        0.16581186652183533,
        0.1629784107208252,
        0.16608965769410133,
        0.1722871996462345,
        0.1776282861828804
      ],
      "final_val_loss": 2.723269283771515,
      "best_val_loss": 2.723269283771515,
      "wall_seconds": 0.33561110496520996,
      "tokens_seen": 20480
    },
    {
      "variant": "horn_no_momentum",
      "seed": 1337,
      "train_losses": [
        4.225954294204712,
        3.2048738598823547,
        2.7420840859413147
      ],
      "val_steps": [
        0,
        10,
        20
      ],